worker,seed,game,ms,winner,turns
0,1000,1,13544,Ai(1)-Death and Taxes,11
0,1000,2,9438,Ai(2)-Jund75,19
0,1000,3,3432,Ai(2)-Jund75,8
0,1000,4,3164,Ai(2)-Jund75,7
0,1000,5,2992,Ai(2)-Jund75,7
0,1000,6,4098,Ai(1)-Death and Taxes,9
0,1000,7,3296,Ai(2)-Jund75,10
0,1000,8,4862,Ai(2)-Jund75,15
0,1000,9,3199,Ai(1)-Death and Taxes,9
0,1000,10,2530,Ai(2)-Jund75,11
0,1000,11,2364,Ai(2)-Jund75,9
0,1000,12,2501,Ai(2)-Jund75,8
0,1000,13,3923,Ai(1)-Death and Taxes,14
0,1000,14,2884,Ai(2)-Jund75,10
0,1000,15,3545,Ai(1)-Death and Taxes,10
0,1000,16,4312,Ai(1)-Death and Taxes,14
0,1000,17,1599,Ai(1)-Death and Taxes,6
0,1000,18,2248,Ai(2)-Jund75,10
0,1000,19,3014,Ai(1)-Death and Taxes,10
0,1000,20,1638,Ai(2)-Jund75,7
0,1000,21,1831,Ai(1)-Death and Taxes,8
0,1000,22,1534,Ai(2)-Jund75,7
0,1000,23,1535,Ai(2)-Jund75,6
0,1000,24,3286,Ai(1)-Death and Taxes,14
0,1000,25,2847,Ai(2)-Jund75,15
0,1000,26,2458,Ai(1)-Death and Taxes,9
0,1000,27,1422,Ai(2)-Jund75,7
0,1000,28,2136,Ai(2)-Jund75,8
0,1000,29,2288,Ai(2)-Jund75,9
0,1000,30,1975,Ai(2)-Jund75,11
1,1001,1,12838,Ai(1)-Death and Taxes,10
1,1001,2,7425,Ai(1)-Death and Taxes,7
1,1001,3,3755,Ai(2)-Jund75,7
1,1001,4,4652,Ai(1)-Death and Taxes,7
1,1001,5,3080,Ai(2)-Jund75,8
1,1001,6,4252,Ai(2)-Jund75,12
1,1001,7,5771,Ai(2)-Jund75,13
1,1001,8,3412,Ai(2)-Jund75,13
1,1001,9,7964,Ai(2)-Jund75,32
1,1001,10,4185,Ai(2)-Jund75,17
1,1001,11,2898,Ai(1)-Death and Taxes,10
1,1001,12,3753,Ai(1)-Death and Taxes,10
1,1001,13,1907,Ai(2)-Jund75,7
1,1001,14,2249,Ai(1)-Death and Taxes,9
1,1001,15,2506,Ai(2)-Jund75,11
1,1001,16,4574,Ai(2)-Jund75,17
1,1001,17,2066,Ai(2)-Jund75,7
1,1001,18,2218,Ai(2)-Jund75,12
1,1001,19,2606,Ai(2)-Jund75,9
1,1001,20,7299,Ai(2)-Jund75,22
1,1001,21,2774,Ai(2)-Jund75,8
1,1001,22,1854,Ai(1)-Death and Taxes,6
1,1001,23,3264,Ai(1)-Death and Taxes,11
1,1001,24,1699,Ai(1)-Death and Taxes,7
1,1001,25,1461,Ai(2)-Jund75,7
1,1001,26,2455,Ai(2)-Jund75,10
1,1001,27,1994,Ai(1)-Death and Taxes,12
1,1001,28,1943,Ai(2)-Jund75,9
1,1001,29,1311,Ai(2)-Jund75,6
1,1001,30,2727,Ai(1)-Death and Taxes,12
2,1002,1,10681,Ai(2)-Jund75,8
2,1002,2,5492,Ai(2)-Jund75,7
2,1002,3,4753,Ai(2)-Jund75,10
2,1002,4,4008,Ai(1)-Death and Taxes,7
2,1002,5,3315,Ai(2)-Jund75,6
2,1002,6,5372,Ai(2)-Jund75,13
2,1002,7,3563,Ai(1)-Death and Taxes,8
2,1002,8,2627,Ai(1)-Death and Taxes,7
2,1002,9,3411,Ai(2)-Jund75,9
2,1002,10,2523,Ai(1)-Death and Taxes,7
2,1002,11,3719,Ai(2)-Jund75,10
2,1002,12,2354,Ai(1)-Death and Taxes,9
2,1002,13,4020,Ai(1)-Death and Taxes,15
2,1002,14,4240,Ai(1)-Death and Taxes,19
2,1002,15,3253,Ai(1)-Death and Taxes,9
2,1002,16,1662,Ai(2)-Jund75,7
2,1002,17,1215,Ai(2)-Jund75,5
2,1002,18,2149,Ai(2)-Jund75,8
2,1002,19,1519,Ai(2)-Jund75,7
2,1002,20,1930,Ai(1)-Death and Taxes,6
2,1002,21,1475,Ai(1)-Death and Taxes,6
2,1002,22,2461,Ai(1)-Death and Taxes,12
2,1002,23,2523,Ai(1)-Death and Taxes,9
2,1002,24,3386,Ai(1)-Death and Taxes,14
2,1002,25,2260,Ai(1)-Death and Taxes,8
2,1002,26,3439,Ai(2)-Jund75,18
2,1002,27,3946,Ai(1)-Death and Taxes,14
2,1002,28,2266,Ai(1)-Death and Taxes,9
2,1002,29,1394,Ai(2)-Jund75,7
2,1002,30,3442,Ai(1)-Death and Taxes,12
3,1003,1,12863,Ai(2)-Jund75,10
3,1003,2,7439,Ai(2)-Jund75,17
3,1003,3,4357,Ai(2)-Jund75,7
3,1003,4,8198,Ai(2)-Jund75,12
3,1003,5,3605,Ai(2)-Jund75,7
3,1003,6,3763,Ai(2)-Jund75,11
3,1003,7,4253,Ai(1)-Death and Taxes,12
3,1003,8,2983,Ai(1)-Death and Taxes,7
3,1003,9,1950,Ai(2)-Jund75,8
3,1003,10,2081,Ai(1)-Death and Taxes,10
3,1003,11,2260,Ai(1)-Death and Taxes,10
3,1003,12,2009,Ai(1)-Death and Taxes,6
3,1003,13,2052,Ai(2)-Jund75,8
3,1003,14,2161,Ai(1)-Death and Taxes,8
3,1003,15,3416,Ai(2)-Jund75,12
3,1003,16,1846,Ai(2)-Jund75,9
3,1003,17,1932,Ai(2)-Jund75,7
3,1003,18,2771,Ai(1)-Death and Taxes,11
3,1003,19,2055,Ai(2)-Jund75,8
3,1003,20,3968,Ai(1)-Death and Taxes,12
3,1003,21,1830,Ai(2)-Jund75,8
3,1003,22,1658,Ai(2)-Jund75,8
3,1003,23,3745,Ai(2)-Jund75,18
3,1003,24,2667,Ai(2)-Jund75,12
3,1003,25,1897,Ai(2)-Jund75,7
3,1003,26,4073,Ai(1)-Death and Taxes,13
3,1003,27,1946,Ai(2)-Jund75,9
3,1003,28,1984,Ai(2)-Jund75,8
3,1003,29,2342,Ai(2)-Jund75,12
3,1003,30,1737,Ai(1)-Death and Taxes,9
